policy,prompt_class,metric,pooled_n,pooled_mean,pooled_median,pooled_sd,pooled_min,pooled_max,pooled_p90_nearest_rank,pooled_p95_nearest_rank,run_mean_n,run_mean_mean,run_mean_median,run_mean_sd,run_mean_min,run_mean_max,run_mean_p90_nearest_rank,run_mean_p95_nearest_rank,run_median_n,run_median_mean,run_median_median,run_median_sd,run_median_min,run_median_max,run_median_p90_nearest_rank,run_median_p95_nearest_rank
baseline,overall,ttft_ms,900,86.43150632111112,65.647891,119.43309918585231,22.977689,1114.190478,100.16588,119.771184,15,86.43150632111112,87.26020815,11.587237563346326,54.024609299999995,106.36384523333332,,,15,65.8987745,66.883633,4.3378449035974045,52.959078,69.933176,,
baseline,overall,queue_wait_ms,900,49.03800315444444,27.094662,118.80656272767558,0.019005,1073.642408,58.044496,75.171602,15,49.038003154444446,49.865162000000005,9.741149683577017,23.121187066666668,67.38875686666667,,,15,27.1003546,27.343741,1.277764756707241,23.192493,28.881069500000002,,
baseline,overall,e2e_latency_ms,900,9013.482971023333,9111.603014,4402.957212858524,410.379123,18273.511645,14952.182683,15750.921778,15,9013.482971023333,9074.355350616668,515.3726919427012,7486.925033183334,9886.546018866668,,,15,9133.9458669,9206.08972,544.1017998904213,7399.008600499999,9955.1163715,,
baseline,short,ttft_ms,300,80.76844614333334,61.805949999999996,116.92114302958727,24.981602,1014.324632,97.196848,110.74533,15,80.76844614333332,68.01710030000001,32.83536814596196,53.20450395,143.88906415,,,15,61.852403566666666,60.6612725,7.163781091580074,52.895244500000004,73.2370225,,
baseline,short,queue_wait_ms,300,44.31639877666667,26.416031,116.01294642253768,0.019005,970.759522,55.733222,66.163011,15,44.31639877666667,30.366082999999996,31.883442871520224,21.21672045,106.42300735,,,15,26.909763166666668,26.6732185,1.6370432643912867,23.6092595,29.4346565,,
baseline,short,e2e_latency_ms,300,8522.09124876,7997.0650175,4442.985142105071,478.523813,17284.104386,14921.712623,15737.688704,15,8522.09124876,8963.281168149999,1410.3383713511384,6465.98376595,10477.1288716,,,15,7989.3618606,8620.911597,1708.87095997005,5634.067081,10218.197583500001,,
baseline,medium,ttft_ms,300,85.90122625333333,66.4793945,117.43623648411807,22.977689,875.363817,98.126765,107.879153,15,85.90122625333333,88.720812,18.18456150098765,54.459061399999996,112.49334875,,,15,65.76573163333333,66.3046315,5.005543338319458,56.087072,74.7694005,,
baseline,medium,queue_wait_ms,300,48.88108579666667,27.160023000000002,117.05419248179177,0.019941,838.793209,57.245015,61.434695,15,48.88108579666667,49.3336041,16.793653486210776,25.3341514,74.51391650000001,,,15,27.125305766666667,26.9791635,1.52968010919795,23.096076500000002,29.948931,,
baseline,medium,e2e_latency_ms,300,9766.987986986667,10034.9596965,4487.25526776397,410.379123,17922.76678,15233.769322,15737.871216,15,9766.987986986667,10264.9442389,1175.3151551065519,6893.33595545,11224.03226965,,,15,10102.583165466667,10120.301028000002,700.1079031442092,7978.564547999999,11409.913249000001,,
baseline,long,ttft_ms,300,92.62484656666666,69.0003705,123.91706890481947,24.383632,1114.190478,102.087334,174.137997,15,92.62484656666668,87.168419,25.44611574060574,53.69339475,150.56866425,,,15,69.64163546666667,69.2002275,7.628235145448462,52.235910000000004,90.0648165,,
baseline,long,queue_wait_ms,300,53.91652489,27.916960500000002,123.41982276390766,0.019194,1073.642408,60.769674,111.046268,15,53.91652489,49.093301600000004,23.321282157492753,22.0152706,105.7242393,,,15,28.988192,27.5726765,5.847704037209477,22.416339999999998,48.986720500000004,,
baseline,long,e2e_latency_ms,300,8751.369677323333,8847.908790500001,4187.041561371603,492.790987,18273.511645,14548.482644,15830.301501,15,8751.369677323333,8734.3487483,1277.3792555124066,7047.7726094,11169.84493365,,,15,8532.5815791,8187.8983345,1699.2669643782285,6531.668245,11575.081696000001,,
short_prompt,overall,ttft_ms,900,84.77578165333333,64.98105050000001,114.140430185103,23.830199,1101.77754,100.197734,109.381455,15,84.77578165333333,84.25376336666666,11.673312306648128,57.11510941666667,104.256249,,,15,65.2470633,65.8756105,4.377796314130117,57.6680875,71.57840049999999,,
short_prompt,overall,queue_wait_ms,900,46.94225419777778,26.735291500000002,113.4408156231264,0.014107,1057.568502,56.968021,64.10659,15,46.94225419777777,48.37007713333333,9.90828500620889,23.5065427,63.54399111666667,,,15,26.643688033333333,26.514563,1.415433445611607,23.1994245,29.1489875,,
short_prompt,overall,e2e_latency_ms,900,9027.648083432223,9159.4849825,4399.695796875325,418.827194,17648.4936,14966.893623,15709.700126,15,9027.648083432223,9080.891759033335,485.476412411669,7531.281425133333,9750.8447933,,,15,9167.456639733335,9227.2169245,504.37572183538936,7623.717279500001,9913.6579605,,
short_prompt,short,ttft_ms,300,57.92068668333334,42.319587,69.53655276635254,23.830199,719.691091,76.995199,95.207215,15,57.92068668333333,53.4181703,14.617116649945428,41.70950045,93.6787369,,,15,42.25510906666667,41.715438000000006,3.207660359843091,36.9212905,47.795139,,
short_prompt,short,queue_wait_ms,300,20.841785243333334,0.0306225,69.05425689049862,0.014107,679.942811,31.841766,55.623876,15,20.841785243333334,14.8720059,13.68901400909534,7.63645345,55.27588065,,,15,0.034632666666666666,0.0312085,0.00800807474112997,0.028228,0.054955500000000004,,
short_prompt,short,e2e_latency_ms,300,8338.91167598,7966.616729,4399.64939261603,418.827194,16252.728246,14511.05685,15522.727055,15,8338.91167598,8691.892646,1467.60629433685,5451.7642208,9980.5638593,,,15,7915.9905192666665,8615.6878465,1902.5170106324942,4587.2892465,9988.285907,,
short_prompt,medium,ttft_ms,300,72.41198637000001,63.2831435,57.46002590322647,25.992916,584.220816,95.476874,104.626101,15,72.41198637000001,69.3870629,11.936734645360737,55.56999605,99.02176435,,,15,63.74682283333333,62.197728,4.357989325382395,55.7839605,71.50434150000001,,
short_prompt,medium,queue_wait_ms,300,34.131033349999996,26.04494,56.43274782799239,0.017183,547.821206,54.553039,60.671152,15,34.13103335,31.836832249999997,9.971278126200017,19.74800685,53.95160945,,,15,26.414026533333335,26.02982,1.6242560325070423,22.9780785,29.7131185,,
short_prompt,medium,e2e_latency_ms,300,9759.5129306,10076.296805,4510.67302498156,949.924052,16973.713046,15232.477132,15670.406544,15,9759.5129306,10157.81976075,1003.5012119156405,8439.540451550001,10996.1263523,,,15,10191.665793266668,10177.1841575,565.8304273483591,8720.510395,11309.453394,,
short_prompt,long,ttft_ms,300,123.99467190666668,88.335679,169.15679802956694,29.534171,1101.77754,106.470284,504.403172,15,123.99467190666665,123.51457129999999,20.136930608772442,71.70801075,167.18991225,,,15,89.06696196666667,90.416477,4.144710739631422,78.10402350000001,95.51087150000001,,
short_prompt,long,queue_wait_ms,300,85.853944,52.2596925,168.43995035396833,0.02304,1057.568502,61.047268,475.567638,15,85.853944,85.5462117,18.532467928606863,38.0952946,125.75539470000001,,,15,52.67168693333333,52.5645875,2.442653408092445,45.501587,56.22356,,
short_prompt,long,e2e_latency_ms,300,8984.519643716667,8953.1115145,4181.28397401769,486.676942,17648.4936,14740.563419,16131.508967,15,8984.519643716667,8885.64193915,1150.148928411708,7679.8573579,11151.06637665,,,15,8730.608264766666,8357.3200995,1462.0350938697804,7165.472315000001,11468.022818,,
aged_short_prompt,overall,ttft_ms,900,83.2653011,64.60544300000001,108.75029391246376,24.524814,1127.268955,98.593113,107.516131,15,83.2653011,79.3530024,8.730615146642048,76.93479821666666,106.61955549999999,,,15,64.98009503333334,64.86384699999999,2.8470878578682335,60.419626,71.4545315,,
aged_short_prompt,overall,queue_wait_ms,900,45.77488903666667,26.4789225,108.34388283591953,0.017586,1095.858558,56.34588,63.401661,15,45.774889036666664,42.84867891666667,7.311977582492806,40.46069773333333,66.05948871666666,,,15,26.544149933333333,26.1985475,0.8022480361068839,25.744374999999998,28.514878,,
aged_short_prompt,overall,e2e_latency_ms,900,9080.994988444445,9137.509513500001,4427.17891637558,472.487267,17981.975359,15038.421385,15781.514463,15,9080.994988444443,9011.736753316665,274.67248522097725,8875.644177583334,9850.594642516666,,,15,9193.993042,9091.661777000001,279.82874460014926,8965.0455195,9974.4865685,,
aged_short_prompt,short,ttft_ms,300,54.80900710666666,42.294368,61.775237061323566,24.524814,756.87466,72.412012,88.18522,15,54.80900710666666,53.738908349999996,14.21283555631467,42.73467155,101.60842695,,,15,42.3022899,42.279326,3.4109437562447718,34.993742499999996,46.834048,,
aged_short_prompt,short,queue_wait_ms,300,17.71359019666667,0.03293,61.65482554995505,0.017586,725.065915,29.056033,52.911634,15,17.713590196666665,15.28080555,13.111784933328403,7.79675445,60.037816,,,15,0.034565,0.033164,0.006485614796279091,0.0290165,0.0558095,,
aged_short_prompt,short,e2e_latency_ms,300,8388.69215111,7952.3292395,4419.685637014352,472.487267,17604.72391,14771.041881,15550.712094,15,8388.69215111,8705.40313795,1382.3131164228134,6513.8174364,10592.2755099,,,15,7942.678831966667,8567.6790855,1796.5487448149975,5492.1723565,10430.0085265,,
aged_short_prompt,medium,ttft_ms,300,70.30398186333333,64.03659300000001,46.80872205889555,24.532188,372.493438,92.89345,103.993033,15,70.30398186333333,68.02854095000001,7.981423354365055,57.164813,84.9624307,,,15,64.04217166666666,63.31633600000001,4.113383622363293,58.527292,72.019217,,
aged_short_prompt,medium,queue_wait_ms,300,32.77016149333333,26.3412085,46.24378584787008,0.017849,345.770214,54.238599,59.761069,15,32.77016149333333,29.5749254,6.398072155336443,23.06540675,41.4240791,,,15,26.49217786666667,26.255899499999998,0.6723878533718058,25.8455955,28.107235,,
aged_short_prompt,medium,e2e_latency_ms,300,9818.050214996667,10083.4358675,4539.188334302619,959.259231,17111.640307,15323.263309,15657.891441,15,9818.050214996667,10101.97026755,880.0692336241887,8444.8087562,10791.03369415,,,15,10230.8680092,10119.9979135,378.10758225489656,9866.0940095,11081.586127999999,,
aged_short_prompt,long,ttft_ms,300,124.68291433,89.05257,163.85837893691698,31.032515,1127.268955,105.1707,668.248084,15,124.68291432999999,117.48205914999998,14.408033352834297,110.80174084999999,163.9322622,,,15,88.48092483333333,88.6973995,3.4421577998944732,82.8624285,94.016827,,
aged_short_prompt,long,queue_wait_ms,300,86.84091542,52.064987,163.4077291958911,0.027725,1095.858558,60.672869,622.060741,15,86.84091542,79.3468587,13.74108052379511,73.94983235,122.43119885000002,,,15,52.38691176666667,52.015842500000005,1.2320617016355409,50.885917,54.985048,,
aged_short_prompt,long,e2e_latency_ms,300,9036.242599226667,9051.047816,4214.857976431163,492.803232,17981.975359,14783.975788,16135.824592,15,9036.242599226667,8832.12381065,1157.8333035456533,7673.211353250001,10950.0925029,,,15,8754.637452066667,8230.4827035,1509.4919512487766,7181.9754405,11253.0492705,,
